probe_id,asn,lat,lon
46,3320,49.4905,10.9495
67,3209,52.3905,9.8105
71,50629,53.0875,8.8305
80,3320,52.3875,9.8115
81,3209,49.1475,9.2915
137,3257,50.1205,8.7385
159,3320,52.4815,13.3295
164,3209,51.5195,7.4505
233,13045,52.2085,9.5585
277,3320,52.3905,9.8105
325,8899,49.9695,8.6685
407,8763,50.1005,8.6675
555,680,48.7795,9.1595
560,3320,52.4975,13.3405
706,3320,50.2405,11.7175
812,12502,48.5185,9.0675
882,12502,48.7285,9.1115
896,553,49.0105,8.3915
901,8881,50.8675,11.8675
910,3209,53.1675,8.6075
916,9145,52.1405,8.5275
933,16202,50.9685,11.0185
968,8881,48.8015,8.9505
1206,57353,51.1805,6.9475
1212,3320,48.7785,9.1775
1280,9063,51.6575,8.0415
1312,15943,53.7285,9.9275
1313,3320,50.7885,7.0575
1326,3320,53.7405,10.0685
1330,3320,51.2775,7.7785
1336,52088,53.5605,9.9085
1338,3209,51.8315,6.6385
1350,3320,52.4575,13.5795
1388,3320,50.1315,8.9315
1415,31078,52.4895,13.3075
1458,20694,53.5515,9.9895
1497,3320,48.9905,8.4815
1506,48284,48.4405,10.0475
2007,3209,50.8105,7.1175
2024,3320,48.7695,9.1385
2089,3320,51.4915,6.9515
2097,3320,48.7205,9.2715
2108,39351,49.3515,8.1475
2170,3320,51.1875,6.5105
2227,8899,51.7405,8.1785
2237,3320,49.4505,11.0785
2290,12480,49.3375,8.6415
2322,50629,53.0785,8.7985
2332,50629,53.0785,8.7985
2364,8767,48.7095,11.4105
2430,6805,53.4975,10.0185
2453,201011,49.4285,11.1095
2615,3209,52.9695,9.8475
2650,,50.0475,10.5695
2715,3209,48.6595,10.8175
2777,3320,49.2905,10.5605
3097,8319,50.5605,9.6815
3112,3209,48.3585,9.9775
3150,6805,54.0875,12.1295
3288,3320,47.7215,10.3115
3294,9145,53.3095,9.9615
3297,15943,53.7805,9.9015
3407,9211,53.5505,10.0375
4008,3209,52.5715,13.3975
4067,,52.4605,13.5105
4150,3209,48.1875,11.6195
4180,3209,47.7275,10.3215
4251,3209,49.4175,8.5295
4259,8820,48.1915,11.7695
4260,3320,49.5075,8.5005
4332,200924,47.6685,8.0385
4353,198967,52.0385,8.5195
4435,3320,49.4895,8.4685
4482,39702,48.6785,8.9715
4526,3320,50.7305,7.0885
4615,35258,53.5995,10.1875
4715,12312,52.5295,13.3575
4718,8881,50.6815,9.7775
4740,3320,49.4275,11.5395
4741,198570,49.8975,10.8795
4781,3209,50.0775,8.6215
4796,198672,51.0505,6.2115
4873,9067,49.2285,6.9905
4879,62336,54.8715,8.9005
4943,3209,51.0885,6.8895
4999,12312,52.6415,13.5015
6313,203329,50.1285,8.5975
6331,6724,52.5175,13.3185
6332,24940,49.4485,11.0085
6336,2857,49.9905,8.2385
6346,680,52.1405,11.6395
6357,50629,51.5205,7.4895
6372,680,48.0785,11.6505
6385,21473,49.5095,8.5315
6387,21473,49.4305,8.3615
6396,5539,48.1405,11.5315
6413,34549,50.1385,8.7375
6432,34878,49.0085,8.4085
6447,35065,51.4005,12.3995
6507,48821,51.1905,6.8675
6534,200462,50.1095,8.6785
6535,209915,51.2195,6.8085
6548,12374,48.7115,9.1695
6550,15817,52.3775,8.6195
6561,20473,50.1175,8.7405
6576,60316,51.1905,7.2305
6581,197540,49.4475,11.0815
6589,34800,51.2715,6.8215
6601,58057,50.1375,8.7375
6679,8319,50.5615,9.6805
6683,553,48.7485,9.1115
6693,24940,49.4485,11.0115
6715,16276,50.3995,8.0775
6724,3320,50.1095,8.6785
6750,8767,48.1875,11.5895
6751,62310,52.4475,13.4295
6761,553,48.0475,8.2105
6784,3491,50.1095,8.7015
6787,9136,52.4305,10.7915
6789,44973,50.0315,10.5215
6799,197540,49.4515,11.0815
6812,56357,48.2585,11.6675
6813,202040,48.9485,8.3875
6824,42699,51.0395,13.7285
6826,42184,52.3105,7.4385
6838,680,49.5715,11.0285
6842,29670,52.5385,13.2395
6857,8763,50.1205,8.7395
6858,680,49.2615,7.0395
6880,35258,53.6075,10.0315
6900,48328,48.0975,11.5975
6922,39835,51.5485,9.9285
6940,63949,50.0975,8.6395
6941,199938,53.5475,10.0395
6967,14061,50.1205,8.7405
6979,16552,50.1215,8.7405
6999,15451,49.4515,11.0815
7004,34936,51.2695,6.8175
7006,34953,50.7805,6.1275
7012,13101,54.3185,10.1175
7022,200567,53.7385,10.0785
7034,39702,48.7095,8.7385
7035,24961,51.2695,6.8185
7036,12306,50.1005,8.6285
7054,12931,47.7595,10.3195
7068,204035,51.2715,6.8205
7069,50629,51.5215,7.3705
7075,3320,52.5495,13.4205
7096,47295,51.1905,14.3515
7097,56381,50.1405,8.7415
7117,59645,51.2705,6.8175
7141,29423,50.1275,8.5995
7151,8879,52.1175,8.6495
7152,12437,51.9585,7.6395
7156,50030,52.5005,13.3695
7169,39063,50.1215,8.7405
7184,208398,50.1095,8.6815
7195,15456,48.1995,11.5915
7196,24840,50.1005,8.6315
7208,9022,49.4915,8.4175
7265,200187,50.0995,8.6305
7304,29505,53.8695,10.6775
7317,398485,50.1005,8.6375
7354,204989,52.3495,7.4795
7402,60767,50.1185,8.7375
7403,62371,50.0985,8.7775
7412,8391,51.4885,7.3975
7413,20676,50.0985,8.6375
7435,30766,49.6795,8.6185
7437,210752,50.1005,8.6285
7478,206549,48.0615,11.5605
7489,12897,49.8915,8.6515
7491,214138,49.9975,8.6615
7501,8893,53.5475,10.0475
7503,16509,50.1285,8.5975
7511,12731,53.5475,10.0475
7521,215120,52.5075,13.6185
7554,208976,50.1295,8.5795
7567,20676,51.1905,6.8705
7583,207160,51.2085,6.8315
7618,214895,50.1315,8.5975
7635,47536,50.1295,8.5985
7651,47526,49.3875,11.1795
7654,20292,50.1195,8.7395
7681,52112,51.2675,6.8215
7685,44656,50.0995,8.6315
7688,197540,49.4515,11.0115
7690,200297,51.3675,12.4715
7695,30742,53.1095,8.8515
7699,207252,51.2715,6.8215
7702,680,51.0285,13.7175
10052,13246,48.1885,11.5895
10061,12676,51.1875,6.8705
10188,3320,48.7015,9.7115
10214,8899,49.5095,6.3775
10250,3320,53.4875,9.9895
10251,12611,49.0175,12.0995
10281,3209,49.2275,11.0915
10293,8489,50.2285,8.6115
10502,1273,50.1185,8.6775
10654,8881,51.3295,7.9995
10678,8881,51.6415,7.8505
10755,3320,51.9295,7.6795
10811,3320,52.5275,13.8675
10864,3320,49.8595,8.5505
10920,3320,48.3375,10.4485
10976,,50.9705,6.9005
11059,3320,48.1215,11.6095
11075,3320,52.2695,8.8305
11106,6805,48.0505,10.4975
11176,8422,50.7405,7.1005
11177,3320,49.0905,11.2205
11185,680,51.3395,12.3815
11194,8881,49.0095,8.3915
11210,3209,52.4575,13.6975
11288,6805,50.7015,7.0515
11296,21263,48.2705,8.8815
11421,3209,52.2675,10.4985
11463,553,49.4785,8.4705
11662,15943,53.5985,10.0505
11707,8881,49.0005,8.4675
11717,35833,52.4505,13.4175
11729,35426,48.0115,7.8485
11815,3320,53.5695,9.9475
11863,62336,53.3485,10.2205
11952,3320,50.9385,11.5595
11974,3320,50.7195,7.0205
11990,58243,52.5075,13.4415
12028,3320,52.5115,13.4485
12038,8881,49.3715,8.2485
12092,6805,47.7085,9.5515
12118,39835,51.2015,9.7275
12125,9211,53.5495,9.9885
12177,3320,50.9605,9.7605
12211,8422,50.9375,6.8875
12225,3320,49.8595,8.6385
12239,3320,48.7415,9.0885
12264,8881,52.4695,13.4205
12298,3320,52.5415,13.4015
12583,201701,51.7085,8.7715
12712,201701,51.6885,8.7375
12724,5539,48.1395,11.5785
12935,6805,50.0695,8.8385
12944,12611,49.0095,12.0995
13002,8881,52.0185,7.6675
13049,8881,52.4415,13.4395
13106,3209,49.3905,8.7875
13190,203520,50.0775,8.6315
13267,15987,51.2605,7.1505
13314,3320,50.7695,12.0575
13415,3320,51.5595,9.8475
13430,58243,51.1275,6.9585
13477,680,52.2805,8.0305
13662,3320,51.6385,8.5105
13677,3209,51.7205,8.7605
14111,3209,51.2175,6.7675
14194,15372,51.0095,13.7015
14332,3209,52.4485,13.1285
14369,6805,52.5315,13.3505
14377,8220,52.5205,13.4405
14502,,52.4085,13.4975
14525,3320,49.8995,11.0285
14595,15943,53.5595,9.9515
14685,3320,49.6395,12.0415
14694,3320,52.5895,13.4315
14719,3320,48.6115,11.7475
14752,3209,50.1085,8.6795
14784,3320,51.9995,8.5215
14803,8881,52.2785,10.5175
14894,3320,50.8295,12.9415
15024,3320,53.5595,9.9285
15049,3209,50.1315,8.6895
15087,39835,51.5005,9.7515
15128,3320,49.4515,10.9185
15146,3320,49.4805,8.4695
15199,3209,49.4415,7.7615
15637,3320,50.5505,9.6685
15736,9145,53.6005,9.0685
15809,8422,50.8215,6.0575
15835,6805,53.5695,10.1385
15863,3320,49.1885,12.0505
15921,43847,50.8975,12.1985
15945,15943,53.5795,10.1395
16064,39835,51.5195,9.9505
16066,196954,51.8505,6.6305
16124,48154,51.6195,12.3185
16156,8893,53.5505,10.0395
16188,3209,51.2115,6.8015
16286,3320,51.0105,11.0015
16334,201701,52.2695,10.5285
16506,8881,51.2305,6.7675
16519,3320,50.1415,8.5575
16546,8365,49.8805,8.6495
16555,3320,50.2595,8.6295
16583,8881,49.8985,8.6715
16665,3320,51.1895,7.2305
16667,3320,50.7405,7.2005
16693,3320,48.5085,11.7015
17250,3320,50.6775,10.9195
17858,24961,51.2715,6.8195
17909,9063,49.7015,6.5675
18089,3320,49.5215,6.4215
18290,8881,49.3375,8.6715
18393,3320,48.6085,9.5515
18470,8881,50.4575,7.6005
18673,197975,53.6385,10.0305
18675,33824,48.1195,11.6005
18811,62336,49.1675,9.4475
18956,3320,53.4905,9.9895
19267,3209,50.8005,7.2105
19341,8899,50.4275,8.6695
19474,20686,49.4995,11.2805
19615,3320,50.2195,8.6375
19632,3209,54.6985,9.4285
19669,51978,53.6615,11.3705
19675,48284,48.3995,9.9905
19810,553,48.7375,9.0975
19823,553,48.7785,9.1785
19832,553,48.7785,9.1785
19836,553,48.7805,9.1785
19837,553,48.7805,9.1785
19853,553,48.0885,9.7895
19869,6805,48.7815,9.1805
19884,553,48.2095,9.0315
20008,208974,49.0115,8.4175
20049,3320,51.4815,7.0395
20060,197637,52.5775,9.5805
20118,3320,50.1615,8.6275
20121,50324,52.5275,13.3185
20130,20849,49.0275,8.4685
20250,3320,49.3675,10.1795
20257,213281,50.5005,9.7095
20354,3209,48.1095,11.7795
20471,24909,51.2175,6.9405
20499,8820,51.2015,6.7715
20534,51906,50.0995,8.6185
20555,208135,52.5095,13.4495
20605,3320,48.1395,11.5775
20631,34154,49.8575,8.6285
20715,197729,50.1195,8.7375
20792,20677,48.7085,9.6915
21280,3320,51.0975,6.2415
21306,29484,51.4405,7.2575
21313,3209,50.0785,8.2275
21339,3209,51.4415,6.7785
21349,62365,51.0415,13.7295
21364,211752,52.4995,13.3005
21412,553,49.4185,8.6675
21413,34878,49.0085,8.4075
21416,34372,51.6805,8.7375
21421,3320,49.0075,8.3885
21423,41998,49.0285,10.2685
21424,553,48.9095,9.1785
21425,3320,48.5295,9.0485
21436,553,48.8905,8.7285
21441,3209,49.0075,8.3995
21446,34878,49.0905,8.4295
21464,34878,49.0195,8.3705
21469,3320,52.3915,13.0605
21470,553,48.7775,9.1805
21557,553,49.4205,8.6695
21574,13101,48.7795,9.1805
21576,553,48.7405,9.0905
21674,3320,49.8095,8.5605
21727,25220,51.1805,6.8685
21937,8881,49.0005,8.4685
21954,3320,49.9095,10.3895
21959,42442,50.1315,8.5995
22054,3320,52.4295,13.3195
22055,9145,52.9995,9.0695
22069,21173,53.6915,10.2605
22092,3320,48.7285,9.1115
22098,3320,51.1415,9.2515
22109,553,48.7815,9.1875
22115,8881,51.4395,7.0175
22152,553,48.7785,9.1795
22181,8881,49.0275,8.3615
22198,553,48.8915,9.1815
22294,29413,47.8495,12.1015
22340,13045,52.2775,10.5295
22378,680,51.5715,7.0305
22386,8767,48.3705,10.9015
22427,3320,50.5305,8.6785
22455,3320,50.7995,8.7595
22475,61028,53.3095,13.9805
22859,51057,52.4615,13.3695
22893,21476,48.1285,11.5615
22981,3320,49.4675,10.9915
22983,3209,52.4685,13.2915
23178,41585,51.4315,7.5705
23191,34568,51.1875,6.8715
23216,3209,50.6505,12.2175
23363,3320,48.9985,8.4305
23368,3320,54.2415,9.6605
23392,29413,47.8585,12.1215
23606,3209,52.4105,13.5375
23617,57154,47.6805,9.1775
23905,8881,48.9195,9.1375
23970,3320,51.7375,8.6705
23994,8422,50.7695,6.0915
24000,8899,48.1175,11.1575
24040,3320,51.8275,14.1495
24081,200519,49.8675,8.6215
24084,29066,50.0995,8.6315
24114,33984,50.9795,7.0175
24157,680,48.0805,11.6295
24174,3209,51.7795,8.8205
24196,8899,49.3105,10.7515
24357,3209,48.5905,9.7995
24371,3209,49.5775,11.0105
24539,3320,48.7715,9.1685
24886,35227,51.5805,7.1515
24903,12571,51.2985,6.5575
24905,3320,53.1095,8.4575
24906,15456,48.2005,11.5875
24907,3209,51.3705,7.4775
24915,8823,49.7995,9.9775
24957,204796,48.9905,12.1995
24970,9135,51.1875,6.4205
24982,33984,50.9785,7.0315
24995,201011,49.4495,11.0615
25262,8899,51.5685,8.8405
25270,47447,50.0975,8.6305
25329,21161,49.1815,9.2285
25341,8899,50.1175,7.7995
25606,41981,51.4805,11.9775
26322,209040,51.6985,9.1085
26338,44194,52.4715,13.3685
26353,31317,47.8785,12.6295
26602,8767,48.1085,11.5875
26755,3320,50.1095,8.6795
26821,3320,48.7375,9.2685
26827,8767,48.1705,11.4985
26911,3320,49.7175,8.8375
26970,3320,51.9775,9.5105
27055,8881,48.9695,8.4795
27199,3320,49.9915,6.3115
27219,3320,48.5515,8.9675
27321,3320,51.4575,7.1885
27376,60522,51.2905,6.9305
27394,9145,53.1795,8.1915
27601,3320,52.1375,8.5575
27606,3320,47.7805,9.6075
27632,9145,52.9485,8.0285
27668,3320,50.3815,8.0405
27740,3320,50.1575,8.4695
27782,3257,50.0985,8.6315
27793,3320,53.0985,8.7915
27796,3209,50.1105,8.6315
27918,43357,50.9615,6.9375
28008,8881,53.5515,9.9275
28125,3209,51.2695,6.8085
28260,9136,52.4375,10.8405
28280,8881,50.0875,8.2315
28287,3320,48.9505,9.0215
28296,3320,51.1705,10.4515
28460,13101,52.9975,9.8305
28487,14593,52.6205,13.2415
28582,3320,49.3085,7.2815
28623,3320,50.8285,8.2285
28637,9145,53.6005,8.6285
28672,8899,48.1285,11.1605
28698,20686,49.2815,11.1015
28726,58299,48.2805,11.5585
28728,57353,52.7315,10.2285
28729,3209,54.7915,9.4285
28738,3320,48.7815,9.1485
28752,6805,51.5885,8.1495
28754,8899,51.8195,8.6795
28762,3320,53.4885,10.1605
28765,3209,48.6295,9.0305
28790,,54.0975,12.1215
28886,3209,49.6305,8.6215
28895,3209,48.0195,11.4815
28903,58243,52.5085,13.5075
28907,,50.7805,7.0875
28913,198967,52.0085,8.5675
28916,196819,49.4505,7.8075
28932,8899,49.0985,8.0685
28933,3320,52.5285,13.2185
28934,3320,49.2195,6.9985
28940,8881,50.0175,8.7895
28956,3209,53.1005,8.8195
28965,8881,52.4795,13.4305
28966,8881,49.0105,8.4405
28985,15943,53.6995,10.0015
28987,8767,48.1405,11.5415
28991,3320,52.4075,12.9815
29012,41998,48.9285,10.4875
29203,210793,48.3585,11.2575
29204,3320,53.2995,10.5675
29211,8899,51.6475,8.6975
29212,3320,51.5585,9.9275
29213,3320,49.2585,7.2475
29215,3209,48.0495,7.8675
29217,3320,54.0905,12.1375
29219,3209,50.8915,6.9875
29220,,48.9675,8.4085
29222,62336,49.1785,9.3285
29227,3209,51.1805,6.8685
29245,12480,49.0095,8.4195
29250,3320,51.6075,7.2195
29278,8899,51.9515,6.9905
29284,8881,51.4695,7.4415
29289,3209,49.6615,8.5715
29292,3320,50.0085,8.3515
29304,3209,53.4895,10.2475
29308,3320,48.6315,9.2275
29321,212567,52.2375,10.9985
29323,3320,51.7085,14.3185
29325,6805,50.7595,7.3085
29329,3320,52.2915,8.0385
29340,209040,51.5275,9.1295
29349,9145,53.1415,8.2095
29368,3209,52.5515,13.4905
29377,42965,52.7305,10.7205
29384,6805,53.6295,10.1715
29386,3209,49.9805,7.9315
29387,3209,49.4705,8.6615
29388,6805,51.9915,8.7915
29389,3209,51.5815,6.9715
29391,3320,49.4875,8.4715
29393,3320,51.4585,7.9415
29396,3320,47.6605,10.0315
29403,3320,50.9585,6.1375
29405,8422,50.7895,6.1075
29406,8422,51.0605,7.0375
29435,3320,48.9295,9.1985
29444,8899,49.2495,8.7195
29485,6805,49.3395,11.1715
29503,3209,48.7385,9.3175
29513,3320,50.6785,7.2575
29543,8881,49.8185,6.6095
29568,24940,50.4815,12.3605
29572,3320,49.8785,8.6505
29584,8881,49.4495,8.4915
29602,8881,49.4385,8.6175
29610,58299,51.2375,6.8475
29617,3320,51.9405,10.1275
29633,3320,49.1385,8.2085
29639,3320,47.7515,11.3685
29647,3320,49.9205,9.0695
29651,15943,53.6675,10.1495
29653,3320,49.4185,11.0195
29659,3320,50.0915,11.9695
29660,198930,53.6075,10.6405
29665,3320,49.3295,11.0305
29680,3320,49.6575,8.5715
29682,3209,49.2385,7.0615
29688,3320,50.8215,12.9415
29698,3209,50.1715,8.9215
29703,3320,48.8485,10.9475
29712,3320,50.7485,7.7675
29714,8881,50.7495,12.6275
29717,,51.9605,7.6275
29720,12611,49.0375,12.1185
29748,3209,48.6715,8.9995
29751,31317,48.7675,13.0595
29760,8767,48.1775,11.5105
29771,3209,53.1575,8.6105
29790,8881,51.3075,12.3015
29926,201886,48.7805,9.1685
29951,3320,49.3375,9.1195
29958,3320,53.1415,8.1995
29962,3320,49.3285,6.7505
29979,8881,53.8115,10.3605
29984,3320,51.2795,12.3715
29994,8881,49.4495,11.0815
30393,15943,53.5985,10.0715
30434,30766,49.6795,8.5985
30458,3320,52.2015,7.9295
30566,3320,52.5505,13.4305
30644,3320,49.4395,11.0995
30673,8859,50.2485,10.9605
30685,21473,49.5695,8.0615
30717,3320,49.0105,12.0875
30729,207790,53.8615,9.7085
30764,8422,50.8895,6.8405
30777,3320,52.5505,13.4505
30795,43910,48.5195,9.0615
30810,6805,52.4975,13.4175
30835,3320,54.1695,12.3485
30919,3209,50.8215,6.8975
30957,3320,48.4405,13.0095
30958,3320,50.9015,10.5595
30990,3209,51.1175,6.9515
30997,24940,49.4505,11.0115
31022,3320,48.1385,11.5585
31040,29670,52.5275,13.3595
31056,3320,48.3705,10.8995
31058,8220,52.5415,13.4195
31191,3320,49.9775,9.1715
31520,3320,51.7775,14.3085
31557,8767,48.1605,11.5695
31642,202716,48.1485,11.5495
31721,3209,53.0775,8.8785
31769,50436,52.5215,13.4005
31798,50873,51.2715,6.8215
31799,3320,50.6715,7.1515
31813,42652,49.5885,11.1575
31836,8899,49.6405,10.9985
31849,43847,50.9315,12.1995
31860,3320,49.4975,8.5405
31861,3209,53.5475,9.9805
31867,3209,52.4505,13.3605
31874,50436,52.5195,13.4505
31875,8881,49.0095,12.1005
31881,3320,51.1175,9.1315
31902,8881,48.9985,8.5175
31916,3209,52.5805,13.3575
31941,12886,48.2575,10.9895
31945,8881,51.9295,7.6195
31951,3320,50.4275,10.1695
31956,50436,52.5205,13.3095
31959,3209,49.3815,8.6695
31966,3320,48.7805,9.2805
32028,41955,51.5415,9.9185
32032,8881,51.9285,7.6685
32042,212238,48.1285,11.5795
32064,3320,53.0195,12.9705
32104,16202,50.9495,11.6075
32120,12886,48.1775,10.7585
32121,8899,49.8375,8.6985
32134,3209,48.0595,8.4485
32273,3320,48.6185,9.0605
32274,,52.0395,6.8205
32347,,48.8505,8.5995
32375,9145,53.0995,8.7905
32424,3320,52.4295,13.2985
32600,3320,53.1175,8.1775
32610,3320,53.2475,10.4275
32652,3209,48.1385,11.5795
32685,206339,48.7095,9.6515
32700,3320,48.2175,11.2575
32711,3320,52.4375,13.5375
32715,29670,52.4695,13.3675
32757,3320,50.0005,8.5795
32951,3320,53.6675,14.1895
33442,680,52.1385,11.6495
33444,197524,48.1795,12.2395
33446,50017,53.5605,9.9395
33480,3209,51.3975,7.1915
33507,15743,52.4105,9.7275
33518,3320,53.5515,9.9775
33524,3320,51.6895,12.7185
33543,42184,52.1885,7.5095
33833,9145,53.1385,7.3185
33871,209400,49.1575,8.4905
33874,3320,50.7295,7.1405
33875,3209,48.7895,9.2005
33886,3320,48.1105,8.3115
33891,3209,49.8875,7.2415
33902,15366,52.1885,11.5675
33936,6805,47.7805,9.5785
33973,62336,49.9985,8.0205
33983,31259,50.8885,12.7915
33992,8881,48.4785,7.9715
34005,3209,49.4495,10.9175
34009,3320,49.4115,11.1175
34014,3209,50.1095,8.6775
34040,3320,51.0375,13.7295
34099,3320,51.7515,10.8815
34107,208183,49.0205,8.3875
34171,3320,49.4375,11.0705
34235,8881,49.4195,11.0585
34272,3209,52.4385,13.3005
34422,3320,48.7785,9.1785
34442,3320,52.5185,13.4295
34447,8881,48.7705,9.1495
34458,15943,53.5515,10.0095
34462,21473,49.4885,8.4705
34484,3320,51.9195,7.5215
34593,57353,52.2785,8.6415
34604,12312,53.3095,13.8475
34612,3320,52.3985,13.2075
34622,8899,51.1885,6.5385
34637,60294,51.8405,7.8285
34696,3320,50.0105,8.2615
34748,13101,54.3015,10.0595
34752,3320,48.3585,10.9095
34798,12843,49.0315,8.4715
34812,202329,48.9785,8.4075
34871,198930,53.5675,10.5705
34878,8881,51.2415,6.8005
34911,8881,51.4975,6.4775
34933,3320,49.9785,8.1185
34943,3209,48.5085,9.6195
34961,12611,49.0075,12.1005
34972,29140,50.1185,8.7405
34975,3320,52.4195,10.7805
34992,64475,50.2185,8.7715
35009,50030,52.5115,13.3175
35015,8881,50.7995,12.8675
35202,8422,50.9385,6.9575
35357,9063,49.7605,7.5695
35393,57342,52.3185,12.7715
35441,3209,51.6075,7.1795
35503,207790,54.0185,9.3775
35512,3320,51.4185,7.1075
35570,,52.5175,13.4505
35573,13101,54.2985,10.1305
35663,62336,49.2085,9.0505
35780,204052,50.8875,11.6015
50002,3209,51.9585,8.5175
50008,3320,48.2215,11.2575
50009,198930,53.6015,10.4575
50014,5539,48.1395,11.5775
50025,9211,53.5495,10.0485
50027,205112,50.0205,8.6985
50033,3320,50.8285,8.2285
50034,553,48.7395,9.0985
50048,3320,48.8715,8.8095
50076,3320,52.4005,9.7805
50126,28979,49.0105,8.3985
50153,39835,50.5785,8.9695
50158,202329,48.9315,9.3695
50177,8823,49.8305,10.0005
50383,202278,51.8685,7.7415
50412,207790,54.0285,9.1675
50445,3320,49.7895,9.9295
50470,3209,52.4275,9.6205
50532,3320,50.3485,8.9685
50534,9145,53.0295,8.5385
50543,8881,52.5185,13.3995
50548,8881,52.3415,9.6995
50590,680,51.3275,12.3415
50599,202329,49.0015,8.4715
50603,8422,50.7085,7.0675
50614,8767,48.1495,11.5675
50626,3320,49.0105,8.4685
50647,41998,48.5105,8.9395
50651,29014,53.5475,10.0395
50663,8220,48.7185,9.1305
50680,3209,54.5175,9.5815
50689,3320,48.5915,9.2415
50715,3320,51.1895,6.4475
50743,21263,47.7185,9.2395
50765,35244,53.4195,10.3205
50771,3320,53.5775,7.2205
50800,3320,50.7975,12.8975
50828,3209,48.3815,10.0085
50840,12923,53.4875,9.1395
50852,3320,50.3285,11.6995
50879,12897,49.6515,8.7805
50890,3209,52.4475,13.4815
50896,8881,50.9205,7.1715
50913,9145,53.4685,9.1275
50917,35244,48.2705,8.6975
50922,33843,48.9485,9.4285
50955,3320,49.4495,8.8095
50966,9145,53.3305,7.3405
51003,20676,53.8685,10.6875
51017,200924,48.0505,8.4575
51022,197269,51.4885,6.8685
51028,3209,52.5315,9.6485
51072,39835,51.2985,9.4305
51092,3320,52.4185,13.3615
51094,3209,48.3995,9.0515
51130,29018,51.2375,6.7385
51156,3320,52.4305,13.1895
51160,9063,50.0875,6.7705
51183,8881,48.9085,9.5815
51186,3209,51.3605,12.3615
51191,3320,51.3175,12.3715
51215,39083,49.1395,8.5375
51254,21263,48.8295,9.5095
51256,196714,50.9405,11.3995
51269,3209,52.2415,10.4905
51278,8881,48.7315,9.0905
51279,3320,52.4615,13.2505
51303,196610,50.1185,8.7375
51308,3209,49.4715,8.5475
51313,12941,49.2485,6.7675
51325,3320,48.1295,11.6385
51403,3320,51.5285,11.3075
51456,3320,49.4405,11.0995
51487,3209,49.2705,7.0415
51497,9145,52.2005,8.3415
51511,3320,51.0275,13.8275
51643,9063,50.0585,7.4495
51681,12941,50.0975,8.6315
51682,6805,50.7985,8.7615
51834,42652,48.1895,10.3685
51987,3209,52.5605,13.3415
52033,41955,51.5385,9.9185
52094,207491,53.5795,9.9415
52279,3320,48.7015,9.0105
52290,29014,52.4475,13.4315
52315,3320,48.5395,12.1475
52324,6805,52.5695,13.4085
52327,202208,52.1905,7.8385
52339,15366,52.3115,13.0185
52340,3209,48.1075,11.6595
52368,3209,48.7115,9.4205
52491,3320,47.6675,9.5915
52506,3320,52.1905,11.6275
52523,29014,52.5385,13.2385
52525,21263,47.7795,9.6185
52544,8899,52.1995,10.2995
52553,,48.7685,9.1495
52559,201701,50.8715,12.0695
52597,6805,52.5605,13.4715
52673,6805,51.2385,6.7905
52676,12312,54.4705,9.1005
52680,8881,52.5375,13.3715
52682,3320,48.1085,11.5715
52685,8823,49.7995,9.7315
52704,35710,48.2795,8.8475
52712,3320,48.6485,9.3675
52715,6805,54.0895,13.3675
52718,8881,52.4315,13.3575
52726,202208,52.1805,7.8385
52730,8881,49.9475,8.4485
52749,9145,53.4415,8.8295
52750,3209,47.6075,9.5295
52753,8899,52.2785,7.6995
52793,60294,52.1985,7.2615
52802,197164,48.3285,11.7375
52811,12759,50.9275,6.2575
52831,3209,49.0075,8.3985
52839,60150,48.2415,9.0785
52901,29008,48.9975,12.1575
52973,29014,53.6385,10.0205
52980,3209,51.9675,7.6415
52994,3320,51.1795,14.4315
52995,3320,48.3995,9.0515
53000,12360,50.3975,8.0775
53004,57353,50.6895,7.0275
53014,9063,49.6595,8.4475
53039,3209,51.9515,9.0985
53040,8899,49.2575,8.1295
53053,3320,49.9785,9.9695
53066,62336,50.3105,8.2705
53100,44946,51.1875,6.8675
53171,50436,52.5175,13.4605
53179,3320,50.8515,9.7005
53186,3320,53.6005,9.4915
53187,8422,50.9505,6.9515
53195,8881,51.3595,9.4515
53196,8899,51.5005,7.8915
53204,29014,53.6195,9.9975
53215,8422,50.9095,6.9675
53219,3320,48.6315,8.1075
53246,15366,52.2105,11.5595
53254,3320,50.8395,12.9495
53265,3320,49.0095,8.4005
53267,6805,50.6905,7.1905
53270,21263,48.8175,9.5205
53281,3209,50.1275,8.9515
53285,3320,50.6595,6.7815
53309,35710,48.2815,8.8475
53311,198570,49.8975,10.8875
53329,680,51.2415,7.1485
53331,3320,48.1775,11.7985
53333,3320,50.0285,9.1685
53353,12886,48.3985,10.2695
53359,6805,50.3515,7.5695
53376,3320,51.3005,9.4905
53378,3320,49.3815,8.3705
53400,,48.0675,10.0775
53437,12611,49.0105,12.0985
53441,9136,52.4075,10.9395
53443,13045,52.2585,9.7595
53453,15817,53.5485,10.0495
53485,3320,50.0395,10.5015
53489,3320,48.6715,9.1215
53557,8881,52.3905,13.0895
53558,3209,52.4615,9.7395
53566,,49.2305,7.3505
53696,25415,54.3105,10.1315
53717,8899,51.1705,6.6275
53721,3209,53.0675,8.7985
53744,3320,50.4895,9.6995
53771,8899,51.3975,6.4405
53806,8767,48.1405,11.5575
53821,207439,51.5175,6.9185
53886,3209,48.4305,12.9215
53888,8899,49.1515,8.2515
53889,9136,52.3815,11.0015
54007,3320,51.7305,6.5275
54061,3320,50.1075,8.7005
54072,3320,52.1485,10.5605
54082,3209,49.2985,8.7415
54087,15366,52.4905,13.3815
54104,3209,48.6195,9.5375
54166,3320,52.2205,7.0005
54222,24961,51.2285,6.7685
54263,3320,48.0685,11.8805
54275,51699,50.1395,8.7405
54375,3320,47.6495,9.5005
54380,209040,51.6675,9.3715
54467,8899,49.2605,8.6205
54477,43341,52.1405,11.6405
54512,57353,50.6985,10.9075
54584,3209,48.8495,9.1615
54612,197252,50.0985,8.6275
54613,6805,53.6185,13.2675
54635,208927,51.4795,7.4785
54678,3209,51.8215,9.4605
54704,3209,49.7195,11.0775
54714,34953,50.7795,6.1075
54749,24956,52.2815,10.5195
54759,8422,50.6615,6.7895
54770,202680,53.7275,12.7505
54828,15987,52.5215,13.3985
54835,15366,52.5295,13.7585
54861,3320,50.2775,9.3705
54888,210303,53.5515,10.0015
54953,204035,49.3885,8.7895
55012,3320,53.0885,8.7575
55024,3320,50.1195,8.8985
55029,41998,47.5515,9.7085
55064,3320,48.7195,9.1305
55085,8881,52.4895,13.4515
55087,3209,51.1105,6.6315
55232,62365,50.9985,14.6185
55264,8820,51.2195,6.8005
55331,3320,50.9775,11.0285
55365,3209,50.7695,6.0905
55383,6805,52.1885,7.8515
55384,31317,48.0695,11.6215
55489,205100,49.4315,11.0615
55677,8899,51.0305,6.6805
55713,6805,49.0785,10.1775
55834,3320,50.1495,8.4985
60180,3209,50.7975,6.4815
60244,3209,51.5195,6.3295
60266,3320,51.0105,13.7005
60281,15366,52.5175,13.4115
60290,3320,52.4175,13.4015
60323,14593,49.7285,10.1485
60371,3209,48.5775,13.4405
60380,48284,48.3975,9.9715
60404,31705,49.8695,8.6275
60411,6805,51.5275,6.3775
60417,8422,50.7705,6.0775
60431,39702,48.8475,8.5185
60470,3320,48.9475,9.1305
60531,15598,49.3875,11.1785
60544,12611,49.0095,12.0895
60556,12312,48.5605,8.9595
60577,3209,49.0105,8.4005
60636,3209,53.5505,8.5685
60646,8899,51.9405,7.1695
60658,3320,50.7815,6.1595
60659,58299,49.3815,8.3795
60721,43341,52.6075,11.8685
60757,8899,49.4205,10.8495
60771,3320,48.7675,13.7205
60825,8899,51.1095,6.3785
60833,3209,50.2185,8.2585
60895,35244,53.4295,10.3015
60922,50436,52.3985,13.2585
60931,24637,52.0475,7.4785
60950,14593,49.3475,10.5095
60970,3320,50.6975,7.1405
61027,62336,51.3605,7.1185
61031,3209,50.1075,8.6785
61070,8820,49.3275,6.7805
61103,15943,53.6685,9.6875
61111,200187,50.0975,8.6275
61130,3209,50.1775,8.9185
61133,553,48.7485,9.3285
61161,3209,51.5775,10.5505
61271,3320,49.4775,8.5405
61286,8899,52.3705,9.2315
61309,3320,52.5415,13.4875
61313,21413,51.0385,13.7975
61316,13045,52.3005,9.9075
61376,3209,49.0105,8.3705
61389,3209,49.2615,7.2515
61400,60522,51.2875,6.8475
61491,212245,52.5175,13.5715
61493,3209,50.1085,8.6815
61507,3209,51.4705,6.7575
61562,,48.1385,11.5805
61593,3320,51.0185,13.8115
61613,213281,52.2285,9.0375
61682,200599,50.8085,12.9315
61690,15366,52.5175,13.4515
61702,51978,51.2985,9.4875
61704,7922,51.3395,12.3675
61724,12355,51.7895,8.0585
61776,3320,53.9305,9.5105
61811,62336,48.7675,11.4275
61867,33873,51.9005,8.3905
61923,3320,50.6985,7.1785
61955,8881,52.5595,13.1995
61994,41998,48.6995,8.8915
62000,3320,50.7275,7.1475
62031,,53.5475,9.9885
62047,41998,49.3805,8.8395
62066,211547,53.5305,10.0205
62070,24786,48.1875,11.6505
62089,8899,51.0315,7.1115
62096,210793,48.3905,11.2615
62111,8767,48.1275,11.5675
62173,3209,49.9885,10.6805
62183,8422,50.9385,6.9115
62202,57353,51.5185,6.3375
62217,3320,49.1605,9.6075
62228,60294,51.8715,7.7385
62281,680,52.5075,13.3315
62288,196954,52.0515,7.4815
62337,205094,50.1305,8.5785
62349,3209,47.7615,11.3695
62356,12611,49.0005,12.2095
62387,3320,50.9005,11.5815
62401,62336,50.0175,8.4175
62422,3209,50.3385,8.5285
62423,3209,51.3085,9.4785
62428,3209,49.9815,11.6185
62459,3320,50.9815,11.0195
62471,3209,50.7275,7.1905
62504,202208,52.1895,7.8675
62514,14593,48.3395,8.7775
62539,3320,53.5915,9.7085
62568,8881,48.1215,11.6105
62579,9145,52.5115,8.1805
62648,3320,49.1115,10.7595
62667,6805,53.8705,10.6905
62670,15598,48.1175,11.6005
62691,199284,51.2075,10.8115
62707,8767,48.1805,11.5675
62719,41998,47.9415,9.7575
62732,8899,51.7685,7.4585
62823,3320,51.6685,9.5985
62896,8881,51.1805,7.2315
63015,12470,51.9395,7.6375
63053,2792,50.7185,7.1395
63060,3209,52.3375,9.8305
63066,3320,50.8605,6.1505
63095,8422,50.7695,6.1215
64192,204053,49.4685,11.0915
64296,30766,49.6505,8.5615
64357,16188,50.1105,8.6795
65058,9145,52.3015,7.9995
65096,3209,48.3605,9.9815
65139,203536,52.4615,10.1985
65155,14593,49.0195,8.4495
65223,15372,51.0085,13.6985
65338,8881,51.1715,6.9285
65494,3320,52.3695,9.7215
65876,212341,53.5605,10.7705
1000010,31898,50.1075,8.6775
1000013,200462,50.2785,9.3675
1000017,31898,50.4805,12.3375
1000021,24940,50.4775,12.3585
1000030,197540,51.2675,6.8285
1000078,31898,50.1115,8.6705
1000114,8560,48.9995,8.3775
1000169,6805,49.0115,8.3705
1000183,51167,49.4485,11.0815
1000241,42730,50.0975,8.6295
1000249,203924,51.9815,6.9295
1000315,15657,52.4595,13.3675
1000336,8820,50.1105,8.6585
1000359,51167,50.1115,8.6795
1000376,3209,50.1105,8.6805
1000501,8899,52.0675,6.9175
1000506,3320,49.8305,7.8675
1000518,56876,50.1215,8.7375
1000533,202113,49.0085,8.4085
1000566,16509,50.1105,8.6805
1000577,3209,51.0305,13.7905
1000597,213151,50.1405,8.7415
1000612,213151,50.1385,8.7375
1000661,51167,49.4575,11.0805
1000675,24961,52.4195,9.4405
1000694,8422,50.8095,7.0215
1000714,12360,50.6095,7.8575
1000730,3320,51.6575,6.4485
1000792,8767,48.1385,11.5815
1000806,24940,49.4505,11.0775
1000827,3209,48.1705,11.7985
1000917,3214,50.1205,8.7275
1000948,3209,50.8115,6.2595
1000983,205790,52.5285,13.3215
1001034,24940,49.4495,11.0085
1001086,3320,51.1705,14.4415
1001124,34927,50.1295,8.5985
1001131,3209,52.3775,13.0785
1001142,3209,51.4985,7.0195
1001167,33843,48.9505,9.4305
1001201,8767,48.1175,11.4875
1001325,60294,49.8595,8.7985
1001404,8220,50.1195,8.7375
1001414,205597,50.1395,8.7375
1001419,24940,49.4515,11.0775
1001426,199284,50.9005,11.5785
1001428,199284,50.9015,11.5785
1001430,199284,51.0175,11.0385
1001432,199284,51.0185,11.0385
1001433,199284,50.8985,11.5785
1001434,199284,50.8995,11.5785
1001443,199284,51.0185,11.0395
1001445,199284,50.8995,12.0695
1001446,199284,50.9005,11.5795
1001447,199284,50.9005,12.0695
1001449,199284,50.9015,11.5795
1001451,199284,51.0175,11.0395
1001452,199284,51.0185,11.0395
1001453,199284,51.0185,11.0395
1001454,199284,51.0195,11.0395
1001472,6805,51.3085,9.4805
1001538,197540,49.4515,11.0785
1001557,199284,50.9005,11.5795
1001558,199284,50.9015,11.5795
1001567,6805,51.8805,8.5105
1001569,214279,50.1115,8.6805
1001619,3320,53.4615,9.9575
1001645,3209,53.5695,9.8495
1001758,3209,51.0215,11.5095
1001864,24961,51.2995,9.4905
1001942,51167,51.2285,6.7795
1002002,3320,47.8385,11.1475
1002027,28753,50.1005,8.6285
1002071,8560,48.3675,10.9005
1002072,31898,50.1085,8.6805
1002075,3320,50.1095,8.6805
1002094,42730,48.2395,8.7715
1002098,6730,49.4515,11.0815
1002134,49855,53.0795,8.7685
1002136,51167,49.4505,11.0785
1002152,50629,53.0985,8.7795
1002200,197540,49.4475,11.0075
1002224,6805,49.0095,12.1085
1002231,3320,48.7775,9.1785
1002282,31898,50.1185,8.7315
1002284,21263,47.7795,9.6115
1002299,39526,50.1115,8.6815
1002314,680,50.6795,10.9275
1002317,205100,49.4305,11.0875
1002379,8881,53.5715,9.8605
1002412,198930,53.7285,10.2675
1002423,24940,50.4785,12.3385
1002432,200462,50.1285,8.5985
1002444,3320,48.1095,11.4895
1002462,6805,51.5085,9.9505
1002463,198930,53.7085,10.3805
1002482,3209,48.0785,11.5515
1002500,16202,51.4775,11.9775
1002512,3320,48.6985,9.7075
1002566,3320,48.7705,13.7205
1002570,24940,50.4775,12.3305
1002588,8319,50.5515,9.6715
1002592,24940,50.4785,12.3415
1002630,9145,52.5975,8.2085
1002710,8899,52.9775,8.8275
1002783,51167,49.4485,11.0815
1002792,29505,53.8485,10.6715
1002829,3320,49.0015,9.3385
1002855,6805,50.9695,13.9395
1002912,35244,53.5685,9.9275
1002920,21263,47.6775,9.3785
1002970,207790,53.7775,9.5905
1003046,3320,51.7805,14.3095
1003070,3209,51.0475,13.7605
1003072,24940,49.4485,11.0805
1003087,206813,53.5505,10.0515
1003097,206813,53.5505,10.0515
1003099,49745,52.4715,13.3715
1003100,49745,50.1275,8.5775
1003105,39835,51.4995,9.3875
1003108,50629,53.0515,8.8375
1003123,3209,49.5385,8.5885
1003163,197540,49.4485,11.0805
1003186,20473,50.1105,8.6815
1003267,6805,52.5005,13.4205
1003331,31898,50.1075,8.6785
1003332,31898,50.1085,8.6785
1003373,3209,52.4485,13.3105
1003395,8899,52.3195,7.3415
1003396,51401,51.3405,12.3715
1003422,24940,50.3985,8.0785
1003425,58212,52.0795,8.7285
1003477,3209,51.3605,6.5705
1003596,8881,53.4605,9.9915
1003647,60294,51.0305,6.6795
1003651,24940,49.0975,12.4895
1003655,8881,53.5595,9.9595
1003684,24940,50.4795,12.3415
1003718,60068,50.1215,8.6775
1003737,3491,50.1205,8.6785
1003741,3320,53.0475,8.6395
1003754,8899,52.5195,7.3395
1003874,3320,51.2795,6.8005
1003914,200735,51.4995,7.6175
1004011,28753,50.1075,8.6775
1004015,205787,51.2995,9.4875
1004032,24940,50.4785,12.3585
1004033,28753,51.2985,9.4885
1004034,14061,50.1195,8.6785
1004121,8881,53.8675,10.6485
1004203,3209,48.0985,9.7875
1004205,3209,48.0995,9.7875
1004293,132203,50.1185,8.6815
1004301,3320,48.5975,9.2375
1004307,132203,50.1205,8.6775
1004423,8075,50.1185,8.6785
1004479,20694,53.6215,10.0005
1004480,20694,53.6375,10.0215
1004481,20694,53.5475,10.0515
1004519,59474,50.0315,10.5175
1004520,59474,50.0275,10.5185
1004523,24940,50.4785,12.3685
1004571,8560,50.4475,7.8205
1004572,197540,49.4385,11.0205
1004579,16276,50.1315,8.7005
1004591,3320,49.2275,6.9715
1004623,8881,54.3185,10.1285
1004626,203215,50.1205,8.7285
1004628,3320,53.0915,8.8785
1004771,8881,47.9975,7.8005
1004773,24940,50.4785,12.3605
1004782,15894,48.5485,7.9715
1004810,31898,50.0975,8.6275
1004843,3320,48.8985,11.9095
1004844,3320,49.1595,11.6295
1004854,6805,49.0095,8.3695
1004861,31898,50.0975,8.6305
1004874,200462,50.1295,8.6005
1004879,203593,51.2315,7.6105
1004880,197540,50.1075,8.6815
1004881,197540,50.4775,12.3415
1004882,63949,50.1185,8.7415
1004912,12312,54.0485,13.7675
1004922,199284,51.0385,11.0085
1004990,29317,49.7575,9.9615
1004995,3209,52.4795,13.4415
1005010,58299,51.2675,6.8175
1005046,3320,51.7105,9.2895
1005058,60294,51.5815,6.2495
1005061,3320,51.5875,6.2505
1005064,57353,51.6295,6.6505
1005106,3320,52.7705,13.6175
1005112,3320,51.5685,6.2875
1005191,680,50.8175,12.9415
1005212,200924,47.8485,7.8775
1005290,553,48.7675,9.1815
1005297,553,48.7405,9.1015
1005324,212508,50.1095,8.6785
1005334,16509,50.1195,8.6785
1005398,3320,49.3015,8.7015
1005488,34927,50.1215,8.6815
1005524,199918,49.8595,8.7885
1005529,8422,50.7415,7.1185
1005563,3209,51.4585,7.3305
1005572,3320,48.1185,11.6005
1005576,3209,48.5205,9.0505
1005585,31898,50.1095,8.6815
1005591,12611,48.9975,12.0815
1005615,3320,51.4595,7.4575
1005654,44066,51.2995,9.4895
1005684,24940,49.4495,11.0115
1005689,8881,51.2215,6.7715
1005722,16509,50.1185,8.6785
1005745,45102,50.1195,8.6795
1005758,553,48.7415,9.2895
1005759,553,48.7415,9.3095
1005761,553,48.7775,9.1705
1005762,553,48.7885,9.1705
1005764,553,48.8095,9.2105
1005777,553,48.7905,9.1905
1005780,200187,51.2975,9.4915
1005791,3320,47.7875,9.8815
1005808,197071,50.1215,8.7375
1005828,24940,49.4515,11.0085
1005857,553,48.8905,9.1995
1005878,12843,49.0015,8.4105
1005887,8351,53.6005,11.4215
1005899,3320,51.4015,7.1915
1005905,3320,50.3995,8.0775
1005908,6805,51.1215,9.4375
1005994,58212,50.1295,8.6315
1005997,12843,49.0305,8.4715
1006003,3320,50.8985,14.7975
1006016,16276,50.1205,8.6675
1006037,3320,50.9105,6.1785
1006062,3209,51.7885,8.8305
1006073,15366,52.7385,13.4605
1006118,3320,51.4315,6.7975
1006170,3320,48.6775,9.1605
1006185,24940,49.4495,11.0815
1006225,29484,51.4495,7.2685
1006240,3209,51.2875,9.4195
1006245,31898,50.0995,8.6295
1006251,3209,51.7375,7.1695
1006252,31184,51.5385,7.2095
1006261,44486,51.2975,9.4905
1006285,8422,50.9395,6.7815
1006290,24940,49.4475,11.0815
1006313,3209,52.9585,10.5375
1006377,24940,50.4805,12.3305
1006381,3320,49.9175,10.7815
1006382,62336,49.1185,9.1515
1006458,47447,50.1115,8.6795
1006460,42965,52.3775,8.9705
1006463,199471,49.4485,11.0805
1006471,3209,48.9075,8.4305
1006485,204035,51.2295,6.7715
1006494,200187,50.0995,8.6315
1006503,8820,48.5185,9.0575
1006523,31898,50.0985,8.6285
1006524,31898,50.0995,8.6285
1006526,3320,50.7705,12.2385
1006615,34549,50.1395,8.7375
1006621,207871,51.1075,6.9485
1006710,3320,50.1175,8.6575
1006712,25538,48.3785,10.0075
1006716,8767,49.4405,11.8675
1006767,6805,50.1005,8.6305
1006853,8820,52.4885,13.4495
1006858,41998,48.6515,9.8495
1006865,198967,52.0395,8.5705
1006908,200846,51.5115,6.8675
1006909,8881,51.5615,9.9075
1006918,8881,52.4215,13.4575
1006937,197540,49.4405,11.0185
1006951,12611,49.0075,12.1295
1006952,12611,49.0285,12.1295
1006953,12611,49.0585,12.1295
1006954,12611,49.0195,12.0595
1006956,12611,49.0205,12.1095
1006957,12611,49.0005,12.0895
1006958,12611,49.0615,12.1295
1006977,24940,50.4805,12.3605
1007168,202693,49.7815,7.0405
1007193,8560,51.2985,9.4915
1007293,34927,49.4485,11.0215
1007302,62269,51.2985,9.4875
1007308,24940,49.4515,11.0775
1007323,196714,51.0085,11.0385
1007342,3320,51.0385,11.0095
1007367,8881,53.5805,10.0305
1007406,3320,47.6905,9.5575
1007425,15366,52.5695,13.3785
1007433,24940,49.0985,12.4885
1007510,50436,52.3975,13.0475
1007516,3320,48.1305,11.5575
1007600,12611,48.9975,12.3775
1007601,215764,50.1175,8.6775
1007606,3209,48.0205,10.2075
1007651,3209,48.5575,7.9695
1007733,210793,48.5285,11.2985
1007743,48314,50.1085,8.6795
1007757,3209,50.7205,6.1395
1007833,212068,52.4585,13.3885
1007858,3320,48.5315,11.4995
1007882,24940,49.4485,11.0815
1007889,13101,53.9215,9.8815
1007906,24679,52.3805,9.7275
1007910,215250,51.2675,6.8175
1007911,215250,51.2675,6.8175
1007912,215250,52.4685,13.3675
1007913,215250,52.4685,13.3675
1007933,24940,49.0985,12.4885
1007963,3209,49.4485,11.0805
1007976,8820,49.3105,8.6405
1008016,3320,49.4705,7.1475
1008034,31898,50.1095,8.6785
1008041,203592,50.1075,8.6695
1008060,212049,50.1175,8.7505
1008061,3320,51.6675,12.3505
1008064,24940,49.4495,11.0105
1008073,3320,51.3985,7.7605
1008113,24940,50.4785,12.3275
1008138,211301,50.1215,8.7485
1008164,202422,50.1495,8.5605
1008165,3214,51.2195,6.7805
1008166,680,53.1105,8.8505
1008211,8422,50.7775,6.0775
1008250,3320,52.4875,13.3995
1008267,3320,54.0905,12.1305
1008295,34927,50.1195,8.6815
1008316,57821,50.1005,8.6275
1008385,3209,52.4995,13.4815
1008391,24940,49.0975,12.4915
1008393,8899,49.0485,8.0315
1008424,200924,48.4195,8.7585
1008431,35487,52.4575,13.3885
1008432,8560,51.2985,9.4885
1008435,8881,54.3095,9.6785
1008436,34549,50.1405,8.7385
1008472,197540,49.4385,11.0205
1008492,3320,51.4485,6.7415
1008506,24940,50.4805,12.3375
1008541,3209,52.4375,13.5395
1008548,24940,49.4515,11.0695
1008589,3320,51.5515,7.2115
1008603,13251,51.3685,12.4675
1008606,3320,47.5105,11.2775
1008612,8560,52.5185,13.3975
1008619,15943,53.7515,9.9975
1008645,6805,49.1195,8.5795
1008655,3209,54.3595,10.1295
1008669,6805,52.3815,9.7305
1008673,29066,50.0985,8.6305
1008692,13101,53.6885,9.8115
1008702,197540,49.4485,11.0675
1008706,3320,53.6405,10.0375
1008711,6805,52.3075,9.8075
1008720,8899,52.3775,10.4485
1008729,8560,52.5215,13.3985
1008751,48314,50.1275,8.5995
1008781,8422,50.9975,6.8115
1008795,3320,49.8695,8.5615
1008799,24940,49.4515,11.0115
1008801,3320,50.8975,12.9175
1008802,31898,50.1085,8.6675
1008826,3209,47.9705,10.9185
1008911,3320,53.5475,9.9775
1008912,3209,53.5485,9.9775
1008935,24940,50.4795,12.3385
1008968,16276,50.4115,8.0605
1009082,8899,52.0785,7.0015
1009090,3209,49.4875,8.4715
1009091,14593,48.9075,8.4315
1009092,3320,48.8885,9.1915
1009095,31898,50.1095,8.6815
1009097,12312,52.1405,8.4915
1009103,56876,50.1185,8.7475
1009115,31898,50.0995,8.6275
1009127,3320,53.5905,9.9985
1009175,50469,50.3595,8.8705
1009184,3209,47.5195,10.2815
1009197,50436,51.0305,13.7115
1009211,16276,50.1075,8.6775
1009230,24940,50.4775,12.3385
1009244,3209,49.5995,6.5695
1009257,3320,50.5705,8.5495
1009264,31898,50.1095,8.6805
1009319,25220,51.2215,6.7875
1009330,3320,51.2075,7.3485
1009331,8560,52.5175,13.3785
1009332,24961,51.2685,6.8185
1009333,8560,52.5185,13.3785
1009334,8560,52.5195,13.3785
1009411,200924,47.8775,8.3975
1009423,8899,51.8185,6.8985
1009439,197540,49.4515,11.0685
1009509,3320,52.3915,13.0575
1009534,29259,48.0495,11.6585
1009537,396982,50.1105,8.6785
1009552,24940,49.4485,11.0095
1009557,29259,50.1205,8.7395
1009566,13101,50.8705,9.3505
1009574,24940,50.4795,12.3605
1009584,3320,51.2695,7.2215
1009595,15366,52.4995,13.3915
1009611,50469,50.2875,8.9775
1009617,8899,53.7905,10.0775
1009625,8899,51.8195,10.2285
1009634,12693,54.3295,13.1285
1009697,43566,51.4905,7.4415
1009717,50436,51.0305,13.7275
1009726,50436,51.0505,13.6785
1009736,197540,49.4405,11.0185
1009770,3320,49.4675,11.1405
1009783,24940,49.4485,11.0115
1009810,215147,51.2675,6.8175
1009826,31898,50.1005,8.6285
1009845,207252,51.2195,6.7795
1009851,15943,53.5975,10.0295
1009864,48777,51.2995,9.4905
1009872,3320,47.6585,13.0805
1009891,208772,48.7075,9.1715
1009936,8881,52.4705,13.3085
1009944,8422,50.9395,6.9195
1009948,3320,50.8015,7.2195
1009952,24961,51.2685,6.8195
1009976,34154,49.8705,8.6305
1010014,58243,51.1095,6.9475
1010083,215703,50.1185,8.6815
1010087,3209,51.2105,6.7815
1010108,12337,50.0615,8.6875
1010134,1299,48.7895,9.2185
1010135,3209,48.7895,9.2185
1010142,215730,50.1085,8.6795
1010158,3320,52.4315,13.5395
1010167,200461,50.1105,8.6805
1010170,3320,50.7775,7.1805
1010175,8767,48.1195,11.5005
1010176,3320,48.1105,11.4805
1010178,213768,50.1415,8.7405
1010188,8899,53.1415,7.6115
1010211,24940,50.4775,12.3575
1010212,20473,52.1185,8.6775
1010214,9145,52.1195,8.6775
1010215,3209,52.1195,8.6775
1010217,31898,50.1005,8.6275
1010220,3209,48.1375,11.5785
1010221,3320,48.1375,11.5785
1010222,3320,48.1385,11.5785
1010231,24940,50.4775,12.3385
1010232,197540,49.4385,11.0185
1010239,3320,48.4015,9.9685
1010276,200242,52.4605,13.3905
1010315,24940,49.4495,11.0775
1010352,13045,52.3885,9.7395
1010354,43009,50.1195,8.6795
1010374,680,49.8395,9.6005
1010379,24940,49.4515,11.0805
1010384,8365,49.8695,8.6515
1010397,60345,50.1105,8.7115
1010401,48314,49.4775,6.9675
1010422,48014,50.2985,10.4685
1010430,214279,50.1075,8.6785
1010471,56382,50.1375,7.2105
1010526,199578,49.4505,7.7985
1010530,8767,48.1475,11.5885
1010531,8881,48.9975,8.4285
1010551,3209,48.9975,8.3895
1010559,13054,48.0315,7.8495
1010565,20886,50.7095,7.0705
1010576,3320,49.1105,9.7705
1010586,3320,51.1105,7.6615
1010615,396356,50.1195,8.6775
1010633,31898,50.0985,8.6285
1010636,215703,50.1205,8.6785
1010651,34927,50.1175,8.6795
1010686,211727,53.5105,10.2115
1010728,15817,50.0515,8.4985
1010735,24940,49.4495,11.0785
1010770,8560,51.2975,9.4905
1010829,8560,51.3015,9.4885
1010870,20473,50.1075,8.7105
1010886,63949,50.1205,8.6815
1010954,8881,50.1295,8.6795
1010955,8881,50.1295,8.6795
1010983,3320,50.8085,6.3615
1011015,9009,50.0395,8.5575
1011037,34927,50.1205,8.6785
1011073,215730,50.1185,8.6805
1011074,206996,50.0695,8.6205
1011080,63025,50.1175,8.6815
1011089,3214,51.3015,9.4915
1011090,197540,49.4375,11.0215
1011093,3320,49.9885,9.5815
1011109,3320,53.5815,9.9575
1011139,24940,49.4515,11.0785
1011158,204253,50.1015,8.5895
1011173,24940,49.4485,11.0805
1011182,3320,48.6985,9.6615
1011185,3209,48.1095,9.8215
1011218,8560,51.3015,9.4875
1011220,214279,50.1175,8.6785
1011246,51087,50.1205,8.6795
1011248,3320,50.4015,12.0595
1011262,213495,50.1185,8.7405
1011284,680,50.9695,11.0415
1011289,11967,49.7615,7.8315
1011332,3320,51.9385,8.8785
1011346,8560,51.3005,9.4895
1011376,203380,49.4405,11.0205
1011392,3320,52.2985,13.2515
1011393,24940,49.4485,11.0815
1011398,47689,50.1315,8.6015
1011406,21263,47.7305,9.2475
1011407,48284,48.4405,9.9775
1011427,3320,50.1205,8.6085
1011451,214279,50.1175,8.6795
1011453,49683,50.1185,8.6795
1011476,200461,50.1105,8.6805
1011496,3320,49.6805,8.4015
1011504,6805,52.1295,11.6275
1011539,24940,50.4815,12.3585
1011559,3320,53.5615,10.0095
1011567,197540,49.4405,11.0205
1011576,16276,50.4105,8.0805
1011578,24940,50.4815,12.3605
1011581,3209,49.5475,8.2415
1011603,14061,50.1185,8.6775
1011678,205425,50.1015,8.5905
1011688,20810,51.0615,8.7815
1011713,24940,49.4485,11.0775
1011717,58087,51.3005,9.4875
1011807,200599,50.8405,12.9175
1011872,24940,49.4485,11.0805
1011880,24940,50.4775,12.3615
1011884,6805,53.5795,9.9715
1011894,24940,49.4495,11.0815
1011909,200950,50.1115,8.7075
1011917,206551,51.3005,9.4875
1011952,31898,50.0985,8.6295
1011983,3320,49.4685,8.6015
1011988,20473,50.1115,8.7115
1011994,24940,50.4795,12.3615
1011995,24940,49.4495,11.0815
1012007,24940,49.4505,11.0775
1012015,206996,51.2995,9.4875
1012034,214677,50.1095,8.6785
1012055,207252,51.2195,6.7795
1012075,3320,52.3995,13.0105
1012110,58212,50.1175,8.6775
1012116,30742,53.0905,8.8175
1012117,13045,52.3905,9.7375
1012124,56748,50.1095,8.6785
1012128,24940,50.4815,12.3585
1012171,29066,50.1175,8.6805
1012184,197540,49.4395,11.0215
1012185,8881,49.1295,9.2315
1012196,8881,48.8805,8.7015
1012199,20647,52.5015,13.3715
1012206,9145,52.6605,8.2275
1012249,24940,50.4815,12.3595
1012273,15366,52.5185,13.4105
1012277,60294,51.3205,6.6105
1012285,3320,52.5395,13.4515
1012286,24940,49.4405,11.0215
1012354,24940,50.4795,12.3595
1012364,24940,50.4795,12.3605
1012370,212341,53.6175,10.6905
1012375,15366,52.3695,13.7005
1012385,200519,49.8695,8.6215
1012756,3209,51.9405,9.6395
1012804,215444,52.5295,13.3375
1012834,197071,50.1195,8.6785
1012847,3320,48.9205,9.1095
1012860,3209,52.4875,13.4305
1012871,201463,51.2975,9.4905
1012872,20647,52.4285,13.3705
1012874,3320,51.2195,6.7605
1012877,24940,49.4505,11.0805
1012878,3320,51.2215,6.7605
1012886,16097,52.5405,13.6115
1012895,3320,51.3695,7.4815
1012913,24940,50.4785,12.3575
1012959,13045,52.3415,9.7695
1012971,204310,49.4875,8.4705
1012976,44486,50.1105,8.7305
1012978,24940,49.4515,11.0105
1012992,44486,50.1085,8.7315
1012994,8560,51.2995,9.4915
1013030,8899,51.8175,10.2285
1013040,30742,53.0675,8.8295
1013047,24940,49.4505,11.0795
1013048,197540,49.4415,11.0195
1013055,42562,53.4995,10.1095
1013075,3320,50.3195,11.9205
1013112,213925,51.2985,9.4875
1013157,24940,49.4505,11.0795
1013165,3320,53.3295,9.8705
1013166,8899,51.9805,7.2905
1013173,3320,50.5485,7.2405
1013177,215439,50.1205,8.6805
1013181,198930,53.5575,10.1615
1013197,57342,52.4705,13.3715
1013215,214556,51.2995,9.4875
1013231,3320,52.3375,9.7585
1013234,8560,51.2995,9.4885
1013235,24940,50.4795,12.3285
1013237,3320,50.3505,7.5885
1013238,9145,52.3515,7.6985
1013241,41108,52.3375,9.7595
1013255,6805,49.4895,8.4595
1013256,15943,53.5805,9.9695
1013267,24940,49.4505,11.0805
1013283,3320,49.6885,10.8215
1013286,214677,50.1205,8.6815
1013294,3209,50.5695,9.6915
1013296,215120,52.5205,13.4115
1013331,209894,51.6575,7.3485
1013332,209894,51.6585,7.3485
1013426,47526,49.4505,11.0085
1013427,47526,49.4505,11.0085
1013429,47526,49.3915,11.1785
1013466,8560,51.3005,9.4905
1013469,44486,51.3015,9.4905
1013470,31898,50.0975,8.6305
1013472,31898,50.0985,8.6305
1013473,3320,49.5085,8.4705
1013476,213449,50.1005,8.6505
1013487,197641,51.3005,9.4915
1013488,3320,51.4515,7.2415
1013498,214677,50.1215,8.6815
1013507,207252,51.2205,6.7775
1013547,16276,51.3005,9.4895
1013557,207790,54.1105,9.9995
1013599,24940,50.4815,12.3615
1013608,680,51.0315,13.7375
1013635,28753,50.1095,8.6785
1013644,12312,51.8795,7.6095
1013645,44486,50.1195,8.7395
1013659,197540,49.4515,11.0795
1013693,3320,54.0885,9.6615
1013716,3320,50.1405,8.7375
1013717,3320,54.7205,9.6675
1013718,3209,53.9415,9.4975
1013728,51167,51.2315,6.7785
1013740,9145,53.1175,8.1095
1013741,201035,53.2575,10.4395
1013746,215607,50.1105,8.6795
1013762,213495,50.0985,8.6305
1013770,16276,50.1175,8.6705
1013808,6805,48.7715,9.1775
1013838,6805,49.8815,6.8985
1013840,8881,49.7975,9.9395
1013864,8560,51.2995,9.4905
1013888,24940,50.4815,12.3615
1013897,34225,51.1905,6.6815
1013923,24940,50.4785,12.3585
1013945,3320,47.9995,7.8495
1013956,24940,49.4505,11.0795
1013959,8767,48.1515,11.5695
1013961,21263,47.6775,9.3805
1013981,57407,50.1075,8.6715
1014004,24940,50.4795,12.3575
1014021,3320,48.2675,10.8885
1014041,3209,52.5075,13.2395
1014049,8899,49.1215,8.1995
1014050,212341,53.5475,9.9995
1014051,3320,51.7075,7.3895
1014057,24940,50.4805,12.3595
1014060,8220,48.7675,9.1805
1014061,8560,48.7475,8.0405
1014064,3209,51.2195,6.7905
1014095,206996,51.2995,9.4915
1014097,57353,51.3005,9.4915
1014159,208814,50.1315,8.5995
1014162,3320,51.8485,8.3005
1014186,8560,51.3005,9.4915
1014187,31898,50.1005,8.6315
1014190,209874,51.2975,9.4915
1014192,42730,51.2985,9.4915
1014193,44486,51.2985,9.4915
1014194,8560,51.2995,9.4915
1014195,24940,49.4495,11.0815
1014203,24940,49.4485,11.0775
1014205,24940,49.4495,11.0775
1014221,48314,51.2975,9.4885
1014252,3320,50.8085,12.8995
1014253,213887,51.2985,9.4895
1014259,21413,51.5715,13.0595
1014266,8881,52.4805,13.3305
1014272,9009,50.1185,8.6805
1014276,21263,48.8005,9.5305
1014277,24940,49.4505,11.0805
1014286,3209,53.5805,9.9715
1014293,34927,50.1185,8.6815
1014314,48314,50.1195,8.6775
1014315,31898,50.0995,8.6275
1014334,24940,49.4495,11.0785
1014374,35042,51.2995,9.4905
1014377,3209,48.7705,9.1805
1014413,24940,50.4785,12.3575
1014425,197540,49.3995,11.1585
1014427,203446,51.3005,9.4885
1014428,14593,52.3915,13.1185
1014434,680,52.3695,13.0185
1014435,8560,51.2995,9.4885
1014441,3320,51.2675,7.1995
1014451,63949,50.1175,8.6795
1014457,202053,50.1205,8.7395
1014462,16276,50.4085,8.0605
1014464,16509,50.1195,8.7405
1014472,210457,50.1085,8.6805
1014474,3320,50.7995,7.2205
1014477,8560,51.3005,9.4905
1014489,8075,50.1015,8.6315
1014507,15943,53.5605,10.0575
